{"count":1,"self":124.8282752,"total":125.4131479,"children":{"InitializeActuators":{"count":6,"self":0.0010084999999999998,"total":0.0010084999999999998,"children":null},"InitializeSensors":{"count":6,"self":0.0020003,"total":0.0020003,"children":null},"AgentSendState":{"count":6046,"self":0.0105889,"total":0.0753465,"children":{"CollectObservations":{"count":3300,"self":0.056729499999999995,"total":0.056729499999999995,"children":null},"WriteActionMask":{"count":3300,"self":0.00050599999999999994,"total":0.00050599999999999994,"children":null},"RequestDecision":{"count":3300,"self":0.0075220999999999994,"total":0.0075220999999999994,"children":null}}},"DecideAction":{"count":6046,"self":0.45565239999999996,"total":0.45565239999999996,"children":null},"AgentAct":{"count":6046,"self":0.0498642,"total":0.0498642,"children":null}},"gauges":{"ArcadeDriver.CumulativeReward":{"count":69,"max":70.3575,"min":-8.283697,"runningAverage":-2.54110217,"value":-2.071868,"weightedAverage":-2.59620023}},"metadata":{"timer_format_version":"0.1.0","start_time_seconds":"1740110634","unity_version":"2021.3.35f1","command_line_arguments":"C:\\Program Files\\Unity\\Hub\\Editor\\2021.3.35f1\\Editor\\Unity.exe -projectpath C:\\Development\\Gitprojects\\tiltkart -useHub -hubIPC -cloudEnvironment production -licensingIpc LicenseClient-Seii -hubSessionId bcd36c72-f503-4213-a037-714748370490 -accessToken YafWiILve5D9frnKsqMMT4EiW3XfnEi6CqbOiovCo6w001f","communication_protocol_version":"1.5.0","com.unity.ml-agents_version":"2.0.1","scene_name":"IntroMenu","end_time_seconds":"1740110759"}}