{"count":1,"self":129.64632319999998,"total":130.6775161,"children":{"InitializeActuators":{"count":6,"self":0.0009994,"total":0.0009994,"children":null},"InitializeSensors":{"count":6,"self":0.0010065999999999999,"total":0.0010065999999999999,"children":null},"AgentSendState":{"count":6323,"self":0.023423899999999998,"total":0.0927476,"children":{"CollectObservations":{"count":3375,"self":0.0533564,"total":0.0533564,"children":null},"WriteActionMask":{"count":3375,"self":0.0030039999999999997,"total":0.0030039999999999997,"children":null},"RequestDecision":{"count":3375,"self":0.012963299999999999,"total":0.012963299999999999,"children":null}}},"DecideAction":{"count":6323,"self":0.87825539999999991,"total":0.87825539999999991,"children":null},"AgentAct":{"count":6323,"self":0.0571792,"total":0.0571792,"children":null}},"gauges":{"ArcadeDriver.CumulativeReward":{"count":130,"max":92.57297,"min":-10.7221184,"runningAverage":-1.72788346,"value":-9.918016,"weightedAverage":-9.747177}},"metadata":{"timer_format_version":"0.1.0","start_time_seconds":"1713663559","unity_version":"2021.3.35f1","command_line_arguments":"C:\\Program Files\\Unity\\Hub\\Editor\\2021.3.35f1\\Editor\\Unity.exe -projectpath C:\\Development\\Unity\\TiltKart -useHub -hubIPC -cloudEnvironment production -licensingIpc LicenseClient-Seii -hubSessionId ae883928-712d-4d8c-aa1c-e37e1e2ae90e -accessToken zL62BqLocscSXlfBhgFPOX5tKsdvdllXgWSYFpauAbM001f","communication_protocol_version":"1.5.0","com.unity.ml-agents_version":"2.0.1","scene_name":"IntroMenu","end_time_seconds":"1713663690"}}