{"count":1,"self":56.463884799999995,"total":56.824969499999995,"children":{"InitializeActuators":{"count":6,"self":0.001,"total":0.001,"children":null},"InitializeSensors":{"count":6,"self":0.0019992,"total":0.0019992,"children":null},"AgentSendState":{"count":2421,"self":0.009552699999999999,"total":0.0480806,"children":{"CollectObservations":{"count":1188,"self":0.029485499999999998,"total":0.029485499999999998,"children":null},"WriteActionMask":{"count":1188,"self":0.00050559999999999993,"total":0.00050559999999999993,"children":null},"RequestDecision":{"count":1188,"self":0.0085367999999999989,"total":0.0085367999999999989,"children":null}}},"DecideAction":{"count":2421,"self":0.2849094,"total":0.2849094,"children":null},"AgentAct":{"count":2421,"self":0.0240965,"total":0.0240965,"children":null}},"gauges":{"ArcadeDriver.CumulativeReward":{"count":79,"max":20.0974731,"min":-8.065874,"runningAverage":-3.237826,"value":-7.018042,"weightedAverage":-3.03035355}},"metadata":{"timer_format_version":"0.1.0","start_time_seconds":"1694023751","unity_version":"2021.3.30f1","command_line_arguments":"C:\\Program Files\\Unity\\Hub\\Editor\\2021.3.30f1\\Editor\\Unity.exe -projectpath C:\\Development\\Unity\\TiltKart -useHub -hubIPC -cloudEnvironment production -licensingIpc LicenseClient-Seii -hubSessionId 5366a017-20e3-4127-acb9-4db50754dfca","communication_protocol_version":"1.5.0","com.unity.ml-agents_version":"2.0.1","scene_name":"IntroMenu","end_time_seconds":"1694023808"}}