{"count":1,"self":44.7537696,"total":45.183560899999996,"children":{"InitializeActuators":{"count":3,"self":0.0010000999999999999,"total":0.0010000999999999999,"children":null},"InitializeSensors":{"count":3,"self":0.0010100999999999999,"total":0.0010100999999999999,"children":null},"AgentSendState":{"count":1976,"self":0.0100679,"total":0.0546047,"children":{"CollectObservations":{"count":1188,"self":0.0349922,"total":0.0349922,"children":null},"WriteActionMask":{"count":1188,"self":0.00099859999999999988,"total":0.00099859999999999988,"children":null},"RequestDecision":{"count":1188,"self":0.008546,"total":0.008546,"children":null}}},"DecideAction":{"count":1976,"self":0.34010769999999996,"total":0.34010769999999996,"children":null},"AgentAct":{"count":1976,"self":0.0320693,"total":0.0320693,"children":null}},"gauges":{"ArcadeDriver.CumulativeReward":{"count":186,"max":20.6173077,"min":-15.99819,"runningAverage":-10.6268253,"value":5.98182964,"weightedAverage":-1.98702407}},"metadata":{"timer_format_version":"0.1.0","start_time_seconds":"1686372654","unity_version":"2021.3.26f1","command_line_arguments":"C:\\Program Files\\Unity\\Hub\\Editor\\2021.3.26f1\\Editor\\Unity.exe -projectpath C:\\Development\\Unity\\TiltKart -useHub -hubIPC -cloudEnvironment production -licensingIpc LicenseClient-Seii -hubSessionId 76e6c90a-3551-41db-a224-4864e4a85e07 -accessToken 6tV-RR2sUmUNhZPU2ZmfeFpnotJG8LC1ICCeSqBLsO4001f","communication_protocol_version":"1.5.0","com.unity.ml-agents_version":"2.0.1","scene_name":"MountainScene","end_time_seconds":"1686372699"}}